{
  "LastTime": "2023-07-20T20:32:18.8231398+08:00",
  "DownloadsSinceLastPack": 2,
  "TotalDownloads": 2,
  "TotalDownloadGBs": 2.7939677238464355E-09
}